<?xml version="1.0" encoding="UTF-8"?>
<beans xmlns="http://www.springframework.org/schema/beans"  
       xmlns:xsi="http://www.w3.org/2001/XMLSchema-instance"
       xmlns:context="http://www.springframework.org/schema/context"  
        xmlns:mvc="http://www.springframework.org/schema/mvc"  
      
        xsi:schemaLocation="http://www.springframework.org/schema/beans  
                http://www.springframework.org/schema/beans/spring-beans-4.1.xsd         
                http://www.springframework.org/schema/context         
                http://www.springframework.org/schema/context/spring-context-4.1.xsd
                http://www.springframework.org/schema/mvc  
                http://www.springframework.org/schema/mvc/spring-mvc-4.1.xsd">  
                
    <!-- HandlerMapping -->  
    <bean class="org.springframework.web.servlet.handler.BeanNameUrlHandlerMapping"/>  
    <!-- HandlerAdapter -->  
    <bean class="org.springframework.web.servlet.mvc.SimpleControllerHandlerAdapter"/>      
        <!-- 加载配置文件 -->          
       <!-- 开启注解  -->     
        <mvc:annotation-driven />    
       <!--  开启扫描,多的话用半角逗号分隔    -->
        <context:component-scan base-package="com.wxsc.controller" />  
      <!--   <bean name= "/hello" class= "com.wxsc.controller.HelloWorldController"/>   -->
    <!-- ViewResolver -->  
    <bean class="org.springframework.web.servlet.view.InternalResourceViewResolver">  
        <property name="viewClass" value="org.springframework.web.servlet.view.JstlView"/>  
        <property name="prefix" value="/resource/view/"/>  
        <property name="suffix" value=".html"/>  
    </bean>  
   <!--  
    <bean id="JSPViewResolver" class="org.springframework.web.servlet.view.InternalResourceViewResolver">
        <property name="viewClass" value="org.springframework.web.servlet.view.JstlView"/>
        <property name="viewNames" value="*jsp" />
        <property name="contentType" value="text/html; charset=utf-8"/>  
        <property name="prefix" value="/resource/view/" />
        <property name="suffix" value="" />
        <property name="order" value="1"></property>
    </bean> -->
    <!--提醒：让用户可以访问html文件，具体为什么需要查资料  -->
    <mvc:default-servlet-handler/>
      
        
      
</beans>
<!--       
 -->   
