<?xml version="1.0" encoding="UTF-8"?>  
    <beans xmlns="http://www.springframework.org/schema/beans"  
        xmlns:xsi="http://www.w3.org/2001/XMLSchema-instance" xmlns:tx="http://www.springframework.org/schema/tx"  
        xmlns:aop="http://www.springframework.org/schema/aop"  
        xsi:schemaLocation="  
            http://www.springframework.org/schema/beans   
            http://www.springframework.org/schema/beans/spring-beans-4.1.xsd   
            http://www.springframework.org/schema/tx   
            http://www.springframework.org/schema/tx/spring-tx-4.1.xsd  
            http://www.springframework.org/schema/aop   
            http://www.springframework.org/schema/aop/spring-aop-4.1.xsd">      
            <!-- ========================================配置数据源========================================= -->
    <!-- 配置数据源，使用的是alibaba的Druid(德鲁伊)数据源 -->
    <!-- <bean name="dataSource" class="com.alibaba.druid.pool.DruidDataSource" init-method="init" destroy-method="close">
        <property name="url" value="${url}" />
        <property name="username" value="${username}" />
        <property name="password" value="${password}" />
        初始化连接大小
        <property name="initialSize" value="0" />
        连接池最大使用连接数量
        <property name="maxActive" value="20" />
        连接池最大空闲
        <property name="maxIdle" value="20" />
        连接池最小空闲
        <property name="minIdle" value="0" />
        获取连接最大等待时间
        <property name="maxWait" value="60000" />
        
        <property name="poolPreparedStatements" value="true" /> 
        <property name="maxPoolPreparedStatementPerConnectionSize" value="33" /> 
       
        <property name="validationQuery" value="${validationQuery}" />
        <property name="testOnBorrow" value="false" />
        <property name="testOnReturn" value="false" />
        <property name="testWhileIdle" value="true" />
        配置间隔多久才进行一次检测，检测需要关闭的空闲连接，单位是毫秒
        <property name="timeBetweenEvictionRunsMillis" value="60000" />
        配置一个连接在池中最小生存的时间，单位是毫秒
        <property name="minEvictableIdleTimeMillis" value="25200000" />
        打开removeAbandoned功能
        <property name="removeAbandoned" value="true" />
        1800秒，也就是30分钟
        <property name="removeAbandonedTimeout" value="1800" />
        关闭abanded连接时输出错误日志
        <property name="logAbandoned" value="true" />
        监控数据库
        <property name="filters" value="stat" />
        <property name="filters" value="mergeStat" />
    </bean> -->
   
        <!-- c3p0连接池配置 -->  
         <bean id="dataSource" class="com.mchange.v2.c3p0.ComboPooledDataSource">  
              <!-- 用户名-->  
              <property name="user" value="${jdbc.user}"/>  
              <!-- 用户密码-->  
              <property name="password" value="${password}"/>  
              <property name="driverClass" value="${driver_class}"/>  
              <property name="jdbcUrl" value="${url}"/>  
      
               <!--连接池中保留的最大连接数。默认值: 15 -->   
              <property name="maxPoolSize" value="20"/>  
              <!-- 连接池中保留的最小连接数，默认为：3-->  
              <property name="minPoolSize" value="2"/>  
              <!-- 初始化连接池中的连接数，取值应在minPoolSize与maxPoolSize之间，默认为3-->  
              <property name="initialPoolSize" value="2"/>  
      
             
           
         </bean>  
    
    
    
      <!-- ========================================分隔线========================================= -->
    
    <!-- ========================================针对myBatis的配置项============================== -->
    <!-- 配置sqlSessionFactory -->
    <bean id="sqlSessionFactory" class="org.mybatis.spring.SqlSessionFactoryBean">
        <!-- 实例化sqlSessionFactory时需要使用上述配置好的数据源以及SQL映射文件 -->
        <property name="dataSource" ref="dataSource" />
        <!-- 自动扫描目录下的所有SQL映射的xml文件  -->
        <property name="mapperLocations" value="classpath:com/wxsc/mapping/*.xml" />
    </bean>
    <!-- 配置扫描器 -->
    <bean class="org.mybatis.spring.mapper.MapperScannerConfigurer">
        <!-- 扫描dao包以及它的子包下的所有映射接口类，Spring会自动查找其下的类 -->
        <property name="basePackage" value="com.wxsc.dao" />
        <property name="sqlSessionFactoryBeanName" value="sqlSessionFactory" />
    </bean>
    
    <!-- ========================================分隔线========================================= -->
    <!-- 配置Spring的事务管理器 -->
    <bean id="transactionManager" class="org.springframework.jdbc.datasource.DataSourceTransactionManager">
        <property name="dataSource" ref="dataSource" />
    </bean>

    <!-- 注解方式配置事物 -->
    <!-- <tx:annotation-driven transaction-manager="transactionManager" /> -->

    <!-- 拦截器方式配置事物 -->
    <tx:advice id="transactionAdvice" transaction-manager="transactionManager">
        <tx:attributes>
            <tx:method name="add*" propagation="REQUIRED" />
            <tx:method name="append*" propagation="REQUIRED" />
            <tx:method name="insert*" propagation="REQUIRED" />
            <tx:method name="save*" propagation="REQUIRED" />
            <tx:method name="update*" propagation="REQUIRED" />
            <tx:method name="modify*" propagation="REQUIRED" />
            <tx:method name="edit*" propagation="REQUIRED" />
            <tx:method name="delete*" propagation="REQUIRED" />
            <tx:method name="remove*" propagation="REQUIRED" />
            <tx:method name="repair" propagation="REQUIRED" />
            <tx:method name="delAndRepair" propagation="REQUIRED" />

            <tx:method name="get*" propagation="SUPPORTS" />
            <tx:method name="find*" propagation="SUPPORTS" />
            <tx:method name="load*" propagation="SUPPORTS" />
            <tx:method name="search*" propagation="SUPPORTS" />
            <tx:method name="datagrid*" propagation="SUPPORTS" />

            <tx:method name="*" propagation="SUPPORTS" />
        </tx:attributes>
    </tx:advice>
    
    
    <!-- 有了，Spring自己会找到应该执行哪些DAO里的方法了，  -->
    <aop:config>
        <aop:pointcut id="transactionPointcut" expression="execution(* com.wxsc.service..*Impl.*(..))" />
        
        <aop:advisor pointcut-ref="transactionPointcut" advice-ref="transactionAdvice" />
    </aop:config>


    <!-- 配置druid监控spring jdbc -->
    <bean id="druid-stat-interceptor" class="com.alibaba.druid.support.spring.stat.DruidStatInterceptor">
    </bean>
    <bean id="druid-stat-pointcut" class="org.springframework.aop.support.JdkRegexpMethodPointcut" scope="prototype">
        <property name="patterns">
            <list>
                <value>com.wxsc.service.*</value>
            </list>
        </property>
    </bean>
    <aop:config>
        <aop:advisor advice-ref="druid-stat-interceptor" pointcut-ref="druid-stat-pointcut" />
    </aop:config>
      
      
      
      
      
      
      
      
      
    </beans>  