<?xml version="1.0" encoding="UTF-8"?>
<!DOCTYPE mapper PUBLIC "-//mybatis.org//DTD Mapper 3.0//EN" "http://mybatis.org/dtd/mybatis-3-mapper.dtd" >
<mapper namespace="com.wxsc.dao.SHOP_GOODS" >
	<resultMap id="SHOP_GOODSResultMap" type="com.wxsc.bean.SHOP_GOODS" >
		<id column="goodsId" property="goodsid" jdbcType="VARCHAR" />
		<result column="custid" property="custid" jdbcType="VARCHAR" />
		<result column="num" property="num" jdbcType="VARCHAR" />
	<result column="total" property="total" jdbcType="VARCHAR"/>
	</resultMap>
  
	<sql id="shop_sql">
		goodsId, goodsName, goodsprice,goodsweight, goodsClass
  	</sql>
  	
  	<select id = "selectAllGoods" resultMap="SHOP_GOODSResultMap" parameterType="java.lang.String">
  		select * form shop_goods 
  			where goodsId=#{goodsid, jdbcType=VARCHAR} and custId=#{custid jdbcType=VARCHAR}
  	</select>
  	
  	<select id="selectAllByClass" resultMap = "com.wxsc.bean.GOODS_INFO"  parameterType="java.lang.String">
    	select * from goods_info where goodsClass = #{goodsclass,jdbcType=VARCHAR}
  	</select>
  	
  	<insert id ="insert" parameterType="com.wxsc.bean.SHOP_GOODS">
  		insert into shop_goods (custId, goodsId, num, total)
  			values(#{custId, jdbcType=VARCHAR},
  				#{goodsId, jdbcType=VARCHAR},#{num, jdbcType=VARCHAR}, #{total,jdbcType=VARCHAR})
  	</insert>
  	
  	<update id = "updateShoppingCart" parameterType="com.wxsc.bean.SHOP_GOODS">
  		update shop_goods
  			set total = num IN(
  				SELECT * FROM shop_goods 
  					WHERE custid = #{custid, jdbcType=VARCHAR} 
  						AND goodsid = #{goodsid, jdbcType =VARCHAR}) * goods_info.goods_price IN (
  							SELECT goods_price from goods_info WHERE goodsid = #{goodsid, jdbcType=VARCHAR);
  	</update>
  	
  	<delete id = "deleteShopping" parameterType = "com.wxsc.bean.SHOP_GOODS">
  		DELETE FORM shop_goods
  			where custid = #{custid, jdbcType = VARCHAR} AND goodsid = #{goodsid, jdbcType=VARCHAR} 
  	</delete>
</mapper>
  